{
  "aggregate": {
    "max_seconds": 0.48398195998743176,
    "mean_seconds": 0.4401008944428112,
    "min_seconds": 0.38787078007590026,
    "p50_seconds": 0.44208763499045745,
    "p95_seconds": 0.4740602900274098,
    "runs": 90
  },
  "artifact": "phase2_latency_report_v0",
  "coach_bin": "/tmp/cortex-coach/.venv/bin/cortex-coach",
  "command": "context-load",
  "fixture_artifact": "phase2_retrieval_eval_fixture_freeze_v0",
  "measurement_mode": "frozen_fixture_profile_cycle",
  "profiles": [
    {
      "budget_failures": 0,
      "durations_seconds": [
        0.4522470699157566,
        0.43237182998564094,
        0.45542540994938463,
        0.44711589999496937,
        0.4175168799702078,
        0.45200550998561084,
        0.45626251003704965,
        0.4797899699769914,
        0.4260991900227964,
        0.46069374994840473,
        0.4175440500257537,
        0.4435710400575772,
        0.4069345500320196,
        0.4284558299696073,
        0.45226279995404184,
        0.4523259400157258,
        0.4502294500125572,
        0.40903764008544385,
        0.4485597599996254,
        0.4403336299583316,
        0.4329396500252187,
        0.436503540026024,
        0.435267910012044,
        0.4171759900636971,
        0.39345525996759534,
        0.4420704200165346,
        0.46003000997006893,
        0.48398195998743176,
        0.46014771005138755,
        0.4817454400472343
      ],
      "max_seconds": 0.48398195998743176,
      "mean_seconds": 0.4424033533354911,
      "min_seconds": 0.39345525996759534,
      "p50_seconds": 0.4453434700262733,
      "p95_seconds": 0.4817454400472343,
      "profile_id": "small",
      "query_ids_cycle": [
        "q_small_decision_linkage_gap",
        "q_small_recent_gate_failure",
        "q_small_phase_handoff_checklist"
      ],
      "runs": 30,
      "target_met": true,
      "target_p95_seconds": 2.0
    },
    {
      "budget_failures": 0,
      "durations_seconds": [
        0.45228601002600044,
        0.43432751996442676,
        0.42769375001080334,
        0.43721061991527677,
        0.4312589600449428,
        0.398672670009546,
        0.454996409942396,
        0.41878396994434297,
        0.4308306199964136,
        0.38787078007590026,
        0.4598611600231379,
        0.44047310994938016,
        0.4199515099171549,
        0.44210484996438026,
        0.41321038000751287,
        0.41001443995628506,
        0.4455322299618274,
        0.4047503899782896,
        0.43917026999406517,
        0.4791315100155771,
        0.4343100299593061,
        0.4633951300056651,
        0.40142332995310426,
        0.4683294000569731,
        0.4206077699782327,
        0.4299040900077671,
        0.4740602900274098,
        0.3925341200083494,
        0.42689229000825435,
        0.44361657998524606
      ],
      "max_seconds": 0.4791315100155771,
      "mean_seconds": 0.4327734729895989,
      "min_seconds": 0.38787078007590026,
      "p50_seconds": 0.43278449500212446,
      "p95_seconds": 0.4740602900274098,
      "profile_id": "medium",
      "query_ids_cycle": [
        "q_medium_context_rollover_enforcement",
        "q_medium_ci_overhead_regression",
        "q_medium_policy_vs_implementation_boundary"
      ],
      "runs": 30,
      "target_met": true,
      "target_p95_seconds": 2.0
    },
    {
      "budget_failures": 0,
      "durations_seconds": [
        0.45334663009271026,
        0.434726050007157,
        0.4007460600696504,
        0.4258597199805081,
        0.43041988008189946,
        0.4709742399863899,
        0.4322096899850294,
        0.4114094600081444,
        0.4405193100683391,
        0.4639273099601269,
        0.4468162599951029,
        0.4695260899607092,
        0.45444871997460723,
        0.4520099100191146,
        0.4623864298919216,
        0.44426118000410497,
        0.4468349600210786,
        0.4310084900353104,
        0.4237385900923982,
        0.44697212998289615,
        0.44449701998382807,
        0.4701130499597639,
        0.45705043990164995,
        0.46682943997438997,
        0.4438548400066793,
        0.44876479997765273,
        0.45356289006303996,
        0.47235231997910887,
        0.4277246600249782,
        0.4268851400120184
      ],
      "max_seconds": 0.47235231997910887,
      "mean_seconds": 0.4451258570033436,
      "min_seconds": 0.4007460600696504,
      "p50_seconds": 0.44682561000809073,
      "p95_seconds": 0.4709742399863899,
      "profile_id": "large",
      "query_ids_cycle": [
        "q_large_stale_playbook_cleanup",
        "q_large_retrieval_noise_control",
        "q_large_phase_closeout_traceability"
      ],
      "runs": 30,
      "target_met": true,
      "target_p95_seconds": 2.0
    }
  ],
  "run_at": "2026-02-24T05:24:37Z",
  "target_met": true,
  "target_p95_seconds": 2.0,
  "version": "v0",
  "weighting_mode": "evidence_outcome_bias"
}
