{
  "artifact": "phase4_latency_report_v0",
  "candidate_limit": 8,
  "latency_runs_per_profile": 30,
  "profiles": [
    {
      "durations_seconds": [
        0.0001171500189229846,
        5.950999911874533e-05,
        5.5660028010606766e-05,
        5.3900061175227165e-05,
        5.346001125872135e-05,
        8.205999620258808e-05,
        5.863001570105553e-05,
        5.224999040365219e-05,
        5.180994048714638e-05,
        5.1810056902468204e-05,
        5.15900319442153e-05,
        5.15900319442153e-05,
        5.180994048714638e-05,
        5.191995296627283e-05,
        5.137000698596239e-05,
        5.1480019465088844e-05,
        5.15900319442153e-05,
        5.1810056902468204e-05,
        5.1699928008019924e-05,
        5.170004442334175e-05,
        5.2029965445399284e-05,
        5.125999450683594e-05,
        5.158991552889347e-05,
        5.137000698596239e-05,
        5.1480019465088844e-05,
        5.15900319442153e-05,
        0.0001282599987462163,
        0.00010615005157887936,
        9.690993465483189e-05,
        0.00010009994730353355
      ],
      "max_seconds": 0.0001282599987462163,
      "median_seconds": 5.1810056902468204e-05,
      "p95_seconds": 0.0001171500189229846,
      "profile_id": "small",
      "runs": 30
    },
    {
      "durations_seconds": [
        0.00025597005151212215,
        0.00020647002384066582,
        0.00018204993102699518,
        0.00018974998965859413,
        0.00030700990464538336,
        9.361002594232559e-05,
        8.964992593973875e-05,
        9.548000525683165e-05,
        8.88799550011754e-05,
        9.393994696438313e-05,
        9.008997585624456e-05,
        8.88799550011754e-05,
        9.019998833537102e-05,
        8.42600129544735e-05,
        0.00012122001498937607,
        0.00012198998592793941,
        9.11901006475091e-05,
        7.589999586343765e-05,
        9.141000919044018e-05,
        7.468997500836849e-05,
        0.00010999990627169609,
        7.216003723442554e-05,
        6.874999962747097e-05,
        6.841996219009161e-05,
        6.808992475271225e-05,
        6.830994971096516e-05,
        6.863998714834452e-05,
        0.0001328799407929182,
        8.326990064233541e-05,
        8.79999715834856e-05
      ],
      "max_seconds": 0.00030700990464538336,
      "median_seconds": 9.014498209580779e-05,
      "p95_seconds": 0.00025597005151212215,
      "profile_id": "medium",
      "runs": 30
    },
    {
      "durations_seconds": [
        0.00022219994571059942,
        0.00024815998040139675,
        0.0002231900580227375,
        0.00019546994008123875,
        0.00017468002624809742,
        0.00017677003052085638,
        0.00017512007616460323,
        0.0001951400190591812,
        0.0002180199371650815,
        0.00021054001990705729,
        0.00022494990844279528,
        0.00017643999308347702,
        0.0001718200510367751,
        0.00017413008026778698,
        0.0001807300141081214,
        0.0003606899408623576,
        0.00015124992933124304,
        0.0001520200166851282,
        0.0001498199999332428,
        0.00016016000881791115,
        0.00018480001017451286,
        0.00022505992092192173,
        0.0001791900722309947,
        0.00017666001804172993,
        0.00022439996246248484,
        0.00018743996042758226,
        0.00018172001000493765,
        0.00022252998314797878,
        0.00017126998864114285,
        0.00017457001376897097
      ],
      "max_seconds": 0.0003606899408623576,
      "median_seconds": 0.00018122501205652952,
      "p95_seconds": 0.00024815998040139675,
      "profile_id": "large",
      "runs": 30
    }
  ],
  "project_dir": "/home/d/codex/cortex",
  "run_at": "2026-02-24T20:08:18Z",
  "score_mode": "evidence_bias",
  "summary": {
    "max_seconds": 0.0003606899408623576,
    "median_seconds": 9.470997611060739e-05,
    "p95_seconds": 0.00022505992092192173,
    "profile_count": 3,
    "run_count": 90
  },
  "target_met": true,
  "target_p95_seconds": 2.5,
  "version": "v0"
}
