{
  "aggregate": {
    "max_seconds": 0.5036454499932006,
    "mean_seconds": 0.4409624657774758,
    "min_seconds": 0.37258584005758166,
    "p50_seconds": 0.43671099992934614,
    "p95_seconds": 0.48549215006642044,
    "runs": 90
  },
  "artifact": "phase3_adapter_latency_report_v0",
  "coach_command": [
    "/tmp/cortex-coach/.venv/bin/python",
    "/tmp/cortex-coach/scripts/cortex_project_coach_v0.py"
  ],
  "fixture_artifact": "phase3_work_graph_eval_fixture_freeze_v0",
  "measurement_mode": "frozen_fixture_profile_cycle_adapter_enabled",
  "profiles": [
    {
      "budget_failures": 0,
      "durations_seconds": [
        0.45265461993403733,
        0.37258584005758166,
        0.4113093599444255,
        0.4005129700526595,
        0.4341540499590337,
        0.4395918999798596,
        0.391218850039877,
        0.45011207996867597,
        0.4383328399853781,
        0.4558932399377227,
        0.4767626599641517,
        0.4279143000021577,
        0.5036454499932006,
        0.48836755007505417,
        0.4801111699780449,
        0.4700637699570507,
        0.5036315899342299,
        0.42893465992528945,
        0.39406015002168715,
        0.42760443000588566,
        0.43485475005581975,
        0.47486164001747966,
        0.47494975000154227,
        0.454138410044834,
        0.4179373000515625,
        0.44531443004962057,
        0.4458939100150019,
        0.41654964990448207,
        0.4306049000006169,
        0.42400105006527156
      ],
      "fixture_cases_cycle": [
        "s_small_adapter_healthy:q_small_adapter_blocker_resolution",
        "s_small_adapter_healthy:q_small_adapter_ready_next_action",
        "s_small_adapter_missing_file:q_small_adapter_blocker_resolution",
        "s_small_adapter_missing_file:q_small_adapter_ready_next_action"
      ],
      "max_seconds": 0.5036454499932006,
      "mean_seconds": 0.4422189089974078,
      "min_seconds": 0.37258584005758166,
      "p50_seconds": 0.43896236998261884,
      "p95_seconds": 0.5036315899342299,
      "profile_id": "small",
      "runs": 30,
      "target_met": true,
      "target_p95_seconds": 2.5
    },
    {
      "budget_failures": 0,
      "durations_seconds": [
        0.3792178500443697,
        0.40843088005203754,
        0.4789103000657633,
        0.4367036299081519,
        0.4310171799734235,
        0.4841003200272098,
        0.41647836996708065,
        0.424413220025599,
        0.48022018000483513,
        0.4415078799938783,
        0.4681083000032231,
        0.4412160499487072,
        0.3967733000172302,
        0.41103028994984925,
        0.4647968600038439,
        0.4073372599668801,
        0.40741645998787135,
        0.4239174500107765,
        0.48549215006642044,
        0.4234475300181657,
        0.4349818000337109,
        0.4679950000718236,
        0.4484201699960977,
        0.41823913995176554,
        0.4977853100281209,
        0.42756383994128555,
        0.4138333100127056,
        0.4348852200200781,
        0.41732646990567446,
        0.4357085699448362
      ],
      "fixture_cases_cycle": [
        "s_medium_adapter_healthy:q_medium_governance_blocker_and_owner",
        "s_medium_adapter_healthy:q_medium_ready_work_priority_order",
        "s_medium_adapter_stale_metadata:q_medium_governance_blocker_and_owner",
        "s_medium_adapter_stale_metadata:q_medium_ready_work_priority_order",
        "s_medium_adapter_invalid_json:q_medium_governance_blocker_and_owner",
        "s_medium_adapter_invalid_json:q_medium_ready_work_priority_order"
      ],
      "max_seconds": 0.4977853100281209,
      "mean_seconds": 0.4369091429980472,
      "min_seconds": 0.3792178500443697,
      "p50_seconds": 0.4329511999967508,
      "p95_seconds": 0.48549215006642044,
      "profile_id": "medium",
      "runs": 30,
      "target_met": true,
      "target_p95_seconds": 2.5
    },
    {
      "budget_failures": 0,
      "durations_seconds": [
        0.4716345699271187,
        0.47093156003393233,
        0.4535716900136322,
        0.43622183008119464,
        0.4636980699142441,
        0.46096523001324385,
        0.44280863006133586,
        0.4339904800290242,
        0.44201025005895644,
        0.41938908002339303,
        0.4128273599781096,
        0.4830098900711164,
        0.40968322998378426,
        0.43671836995054036,
        0.4358126299921423,
        0.4424256100319326,
        0.44417208002414554,
        0.47564572002738714,
        0.4155735099921003,
        0.44647954998072237,
        0.4140617799712345,
        0.45927595999091864,
        0.46484503999818116,
        0.48226628999691457,
        0.47264425992034376,
        0.3798908300232142,
        0.4322223400231451,
        0.44025982008315623,
        0.43590084998868406,
        0.4338438499253243
      ],
      "fixture_cases_cycle": [
        "s_large_adapter_healthy_high_cardinality:q_large_noise_control_and_focus",
        "s_large_adapter_healthy_high_cardinality:q_large_degradation_non_blocking_validation",
        "s_large_adapter_timeout_simulated:q_large_noise_control_and_focus",
        "s_large_adapter_timeout_simulated:q_large_degradation_non_blocking_validation"
      ],
      "max_seconds": 0.4830098900711164,
      "mean_seconds": 0.4437593453369724,
      "min_seconds": 0.3798908300232142,
      "p50_seconds": 0.4422179300454445,
      "p95_seconds": 0.48226628999691457,
      "profile_id": "large",
      "runs": 30,
      "target_met": true,
      "target_p95_seconds": 2.5
    }
  ],
  "run_at": "2026-02-24T10:21:26Z",
  "target_met": true,
  "target_p95_seconds": 2.5,
  "version": "v0",
  "weighting_mode": "evidence_outcome_bias"
}
